y_gp_hom,uy_gp_hom,y_gp_het,uy_gp_het
0.8493204290840779,4.4506528181392374e-07,0.8541343795058975,2.9700530316398722e-05
0.8514587666152271,4.3812381373861524e-07,0.8561234539421182,3.0245336935875287e-05
0.8535393419238073,4.313269193341494e-07,0.8580606243893956,3.067800937705116e-05
0.8555644784064806,4.2467394102113e-07,0.8599479073757088,3.101515984443423e-05
0.8575363586479899,4.181672459715825e-07,0.8617872161062285,3.127036295124147e-05
0.8594570713584657,4.1180266613429877e-07,0.8635803670080123,3.145486439346537e-05
0.8613285937719362,4.055802610947751e-07,0.8653290857833805,3.157808725605256e-05
0.8631527916463267,3.994972496814236e-07,0.8670350129920305,3.164800305156847e-05
0.864931430997787,3.93551212017558e-07,0.8686997092621539,3.167141074717664e-05
0.8666662250379971,3.8774567521352477e-07,0.8703246600789937,3.165414966359085e-05
0.8683587667017897,3.820708547100499e-07,0.8719112802940797,3.1601265204712315e-05
0.8700105902523645,3.7652766102228727e-07,0.8734609182477129,3.151713989999028e-05
0.8716231448790536,3.711176443150586e-07,0.8749748596364805,3.140559795624331e-05
0.8731978357674646,3.6583201044116226e-07,0.8764543311401252,3.1269989911126027e-05
0.8747359742285921,3.606732452844153e-07,0.8779005037304191,3.111326183682727e-05
0.8762388158353798,3.5563703916899793e-07,0.8793144958468234,3.0938012428413585e-05
0.8777075838913733,3.5072023694250003e-07,0.8806973762713407,3.07465403751499e-05
0.8791434048919238,3.459217105497965e-07,0.8820501668873424,3.0540884172848715e-05
0.8805474023988009,3.41239356604002e-07,0.8833738452120748,3.0322855560316507e-05
0.8819206178334884,3.366700341731692e-07,0.8846693467830593,3.009406792967522e-05
0.8832640574144899,3.3221031197926077e-07,0.8859375673883585,2.985596066335769e-05
0.8845786657550947,3.2786138144920694e-07,0.8871793651593322,2.960981986799986e-05
0.8858653874685924,3.2361773694513495e-07,0.8883955625373401,2.935679626628966e-05
0.8871250850279863,3.1947768147819076e-07,0.889586948102933,2.9097920710059432e-05
0.8883586267734428,3.1544017836093517e-07,0.890754278303343,2.8834117643466084e-05
0.8895668018384243,3.114997184484571e-07,0.8918982790782717,2.856621674824328e-05
0.8907503934892296,3.076591563745824e-07,0.8930196473868429,2.82949633979818e-05
0.8919101439220147,3.0391431527302906e-07,0.8941190526242587,2.8021027387073893e-05
0.8930467835986089,3.0026071563604764e-07,0.8951971380055105,2.7745011082011695e-05
0.8941609784420455,2.9669810246274977e-07,0.896254521791524,2.7467456203495814e-05
0.8952533943753573,2.932242891833413e-07,0.8972917985238997,2.7188850214711678e-05
0.8963246797200881,2.8983782930522617e-07,0.8983095401464923,2.690963158794158e-05
0.8973754358604746,2.8653525003228365e-07,0.899308297049639,2.6630194805502774e-05
0.8984062495128456,2.833175862411506e-07,0.9002885990972,2.6350894697813483e-05
0.8994176721905502,2.8018104450856217e-07,0.9012509565719513,2.607205017534844e-05
0.9004102671412642,2.771215861575071e-07,0.9021958610722746,2.579394781714157e-05
0.9013845448081934,2.741417919820746e-07,0.9031237863558487,2.5516844950175055e-05
0.9023410185681255,2.712373470047556e-07,0.9040351891460984,2.524097231902898e-05
0.9032801665948688,2.6840769140445934e-07,0.904930509892805,2.4966536709885957e-05
0.9042024641286491,2.6564914094129845e-07,0.9058101734926108,2.4693723128203637e-05
0.9051083629410399,2.629629106446086e-07,0.9066745899651174,2.4422696730398785e-05
0.9059982884013795,2.6034607417134383e-07,0.9075241551032013,2.4153604849361535e-05
0.9068726658790063,2.577955287120882e-07,0.9083592510817894,2.3886578458590193e-05
0.9077318943410239,2.553122076368424e-07,0.9091802470465811,2.36217336915795e-05
0.9085763844888622,2.528938375968751e-07,0.9099874996612292,2.335917328311536e-05
0.9094064942194822,2.5053585888890526e-07,0.9107813536230094,2.309898770467756e-05
0.9102225960977522,2.4824324252447477e-07,0.9115621421799208,2.2841256216104333e-05
0.9110250480206331,2.4601016365643076e-07,0.9123301875775992,2.258604805232719e-05
0.9118141961507588,2.4383384630416276e-07,0.9130858015391747,2.2333423104568126e-05
0.9125903455806201,2.4171916144403277e-07,0.913829285659186,2.2083432931003867e-05
0.913353836605688,2.3965651910838617e-07,0.9145609318490605,2.1836121432519075e-05
0.9141049713848716,2.3765293260015115e-07,0.9152810226894879,2.1591525538757295e-05
0.9148440520770803,2.3569963906772935e-07,0.9159898318214685,2.134967582847359e-05
0.9155713603061518,2.338013498832984e-07,0.9166876242915261,2.111059721768425e-05
0.9162871864966691,2.3195477781222895e-07,0.9173746568811608,2.0874309217139043e-05
0.9169917946709799,2.3015883069524857e-07,0.9180511784348737,2.0640826700505983e-05
0.9176854371171058,2.2841117046242896e-07,0.918717430170999,2.04101601294642e-05
0.9183683983924661,2.2671172756637378e-07,0.9193736459438364,2.0182316136757615e-05
0.919040898515684,2.250592043922779e-07,0.9200200525630788,1.9957297672871106e-05
0.9197031868411996,2.2345223483112758e-07,0.9206568700229986,1.9735104443356775e-05
0.9203554951219625,2.2189059659057575e-07,0.921284311776038,1.9515733342305476e-05
0.9209980375094327,2.2037281265373036e-07,0.9219025849720229,1.9299178490136014e-05
0.921631054557305,2.1889733807918092e-07,0.9225118906715917,1.9085431618331822e-05
0.9222547310812231,2.1746256068889005e-07,0.9231124241068946,1.8874482343668725e-05
0.9228692988341367,2.1606929121596621e-07,0.9237043748491862,1.8666318293242285e-05
0.9234749396981079,2.1471959016955712e-07,0.9242879270365785,1.8460925257143377e-05
0.9240718472895252,2.1340294250536283e-07,0.9248632595659851,1.8258287606154326e-05
0.9246602269591034,2.1212883842246872e-07,0.925430546275037,1.8058388190265433e-05
0.9252402429874149,2.1089167295081678e-07,0.9259899561182695,1.7861208579912135e-05
0.9258120801901031,2.096895348387104e-07,0.926541653339012,1.766672925038569e-05
0.9263759057813217,2.0852302988664655e-07,0.9270857976326827,1.7474929673438478e-05
0.9269318928423878,2.0739146262048267e-07,0.9276225443029222,1.728578843279402e-05
0.9274802085874548,2.0629280066809009e-07,0.9281520444220228,1.709928338077201e-05
0.9280210084963503,2.0522757249446565e-07,0.9286744449498199,1.6915391536660566e-05
0.9285544392481561,2.0419630134094854e-07,0.9291898889027157,1.6734089526322993e-05
0.9290806621898627,2.0319685720474028e-07,0.9296985154525164,1.655535333716216e-05
0.9295998063990627,2.0222572238754645e-07,0.9302004600983214,1.6379158550442425e-05
0.9301120302891646,2.0128597882322893e-07,0.9306958547324142,1.620548035736764e-05
0.9306174658713423,2.003740417279098e-07,0.9311848278150175,1.603429367741122e-05
0.9311162627582599,1.994902924400667e-07,0.9316675044387509,1.5865573199976255e-05
0.9316085236252748,1.9863916888581537e-07,0.932144006474737,1.5699293394684243e-05
0.9320944010186325,1.9781157557142263e-07,0.9326144526513853,1.5535428522446588e-05
0.9325739976136906,1.9701190427868407e-07,0.9330789586603893,1.5373952839751087e-05
0.9330474542223679,1.96236385009394e-07,0.9335376372641581,1.521484044463277e-05
0.9335148764536036,1.954894323452304e-07,0.933990598380329,1.5058065487649546e-05
0.9339763845842453,1.9476447097631802e-07,0.9344379491634148,1.4903602107182485e-05
0.9344320900903951,1.9406174736312394e-07,0.9348797941136671,1.4751424433078833e-05
0.9348821044481558,1.9338706662754772e-07,0.9353162351229135,1.4601506663763167e-05
0.9353265273993031,1.9273374654708674e-07,0.9357473716020426,1.4453823073207125e-05
0.9357654704199395,1.9210200505834453e-07,0.9361733005067869,1.4308348111675964e-05
0.9361990215175144,1.9149205572787147e-07,0.9365941164551818,1.4165056227158913e-05
0.9366272980352935,1.9090269869123864e-07,0.9370099117719687,1.4023922154559023e-05
0.9370503967814712,1.9033695113463591e-07,0.9374207765673792,1.3884920679461878e-05
0.937468385228425,1.897893562096242e-07,0.9378267987972958,1.3748026817013126e-05
0.9378813748522576,1.8926007148181667e-07,0.9382280643420347,1.3613215704508491e-05
0.9382894683283265,1.887549501948503e-07,0.938624657049318,1.3480462706089364e-05
0.9386927243282646,1.8826275913495738e-07,0.9390166588030299,1.3349743502697491e-05
0.9390912367266844,1.8779362476198174e-07,0.9394041495762155,1.3221033759129963e-05
0.9394851111325251,1.8733767163512394e-07,0.9397872074955402,1.3094309592107855e-05
0.9398744062174197,1.8690362978646686e-07,0.9401659088828286,1.2969547131828857e-05
0.9402592041216541,1.864815574272787e-07,0.9405403283180912,1.2846722873314567e-05
0.9406395869855144,1.860802077763323e-07,0.9409105386767675,1.2725813561249721e-05
0.9410156369492867,1.8569102566123704e-07,0.9412766111898869,1.260679615235532e-05
0.9413874097510221,1.8532134377822028e-07,0.9416386154884734,1.2489647731576436e-05
0.9417549963317515,1.8496546325381101e-07,0.9419966196264643,1.2374345879070558e-05
0.9421184641638529,1.8462492055718235e-07,0.9423506901766822,1.2260868113678456e-05
0.9424778689853774,1.8429688224236055e-07,0.9427008922021863,1.2149192433103134e-05
0.9428332929366112,1.8398580038608781e-07,0.9430472893579742,1.2039296989870096e-05
0.9431848034899319,1.836873689250947e-07,0.9433899439038731,1.1931160244075441e-05
0.9435324387819011,1.8340164961362258e-07,0.9437289167245936,1.1824760759736849e-05
0.9438763073550394,1.8312870195256608e-07,0.9440642674171075,1.1720077493970426e-05
0.9442164444123265,1.8286858313041427e-07,0.944396054276323,1.161708954532503e-05
0.9445529027582323,1.826198753259061e-07,0.9447243343452196,1.1515776331293497e-05
0.944885752798716,1.823855743206196e-07,0.9450491634692795,1.1416117538852114e-05
0.9452150532054105,1.8215983033986422e-07,0.9453705962964876,1.131809290502313e-05
0.9455408626499489,1.8194710956234957e-07,0.9456886863231689,1.122168268016929e-05
0.9458632368703821,1.8174301851711462e-07,0.9460034859355286,1.1126867026855366e-05
0.9461822169368532,1.8155351158713342e-07,0.9463150464110841,1.1033626605462437e-05
0.9464978791224852,1.8137270349338576e-07,0.9466234179859885,1.0941942132207666e-05
0.946810246895931,1.812021044502017e-07,0.9469286498378419,1.0851794706754093e-05
0.9471193965303133,1.8104025782912788e-07,0.9472307901472852,1.0763165455917606e-05
0.947425372029357,1.8088867386957742e-07,0.9475298861037291,1.0676035813723558e-05
0.9477282173967865,1.8074886628795877e-07,0.9478259839483275,1.0590387535322514e-05
0.9480279795699084,1.8061639554208442e-07,0.9481191289725441,1.0506202377824711e-05
0.9483247084196103,1.8049276779367117e-07,0.9484093655740171,1.0423462409956996e-05
0.948618456750362,1.8037651026996213e-07,0.9486967372422351,1.0342149971949388e-05
0.9489092509643984,1.8026912908618746e-07,0.9489812866244276,1.0262247449138124e-05
0.9491971556005153,1.8016914744195115e-07,0.9492630555026468,1.0183737509572038e-05
0.9494821941273662,1.8007807110084128e-07,0.9495420848481992,1.0106603006171928e-05
0.9497644310837472,1.7999890178406802e-07,0.9498184148159161,1.0030826980814973e-05
0.9500438928718931,1.7992119237146672e-07,0.9500920847928553,9.95639258689342e-06
0.9503206293626916,1.7985242144114496e-07,0.950363133386842,9.88328330708024e-06
0.9505946698919594,1.797911034402435e-07,0.9506315984708735,9.811482631936962e-06
0.9508660701977477,1.7973425344314316e-07,0.9508975171802547,9.740974331005676e-06
0.951134842014383,1.796878624923499e-07,0.9511609259426783,9.6717422347349e-06
0.9514010528142431,1.7964744770992627e-07,0.9514218604997113,9.603770510366086e-06
0.9516647231323997,1.7961301312997096e-07,0.9516803559010653,9.537043272232106e-06
0.9519258881718323,1.7958306464989987e-07,0.9519364465447037,9.471545055167021e-06
0.9521846007370106,1.7955760451442777e-07,0.9521901661797074,9.407260220819507e-06
0.9524408696286795,1.7954112838523182e-07,0.9524415479320574,9.344173576420102e-06
0.9526947417841453,1.7953214076835711e-07,0.9526906242888784,9.28226985946471e-06
0.9529462553399694,1.7952465074391578e-07,0.9529374271671951,9.22153413416215e-06
0.9531954425655498,1.7952315270152786e-07,0.9531819878752563,9.161951469395704e-06
0.9534423357302846,1.795261487738034e-07,0.953424337148346,9.103507046539003e-06
0.9536869553692454,1.7953813256293103e-07,0.9536645051645393,9.046186390031803e-06
0.9539293366854119,1.7954861772229425e-07,0.9539025215561623,8.989974977936596e-06
0.9541695236825087,1.7956808853680436e-07,0.9541384154183858,8.934858348895693e-06
0.9544075339620258,1.7959204971830803e-07,0.954372215314956,8.88082248538512e-06
0.9546434027269428,1.7961900222677592e-07,0.9546039492996796,8.827853144167e-06
0.9548771563794946,1.79650441709305e-07,0.9548336449364783,8.775936387720887e-06
0.9551088213219158,1.7968486911649502e-07,0.9550613292879292,8.725058302219395e-06
0.9553384239564413,1.797252754839756e-07,0.9552870289424809,8.67520529401093e-06
0.9555660082867958,1.7976866479959063e-07,0.9555107700187503,8.626363585334888e-06
0.9557915801801427,1.798180261130114e-07,0.9557325781769823,8.578519726919374e-06
0.9560151807066247,1.7986886905565555e-07,0.955952478633374,8.531660402568946e-06
0.9562368216005686,1.7992418181564155e-07,0.9561704961600741,8.485772194932205e-06
0.9564565409985357,1.7997947757646011e-07,0.9563866551038049,8.440842108013842e-06
0.9566743535684343,1.8004222515706486e-07,0.9566009793958891,8.396856889005258e-06
0.9568903003804073,1.8010793727089503e-07,0.9568134925522492,8.353803648139145e-06
0.9571043902351998,1.8017511805261828e-07,0.9570242176820029,8.311669591645248e-06
0.9573166524686281,1.8024376586002096e-07,0.9572331775146782,8.270441843462597e-06
0.957527104682182,1.8031984483598426e-07,0.95744039438016,8.230108012919712e-06
0.9577357850124231,1.8039589172690385e-07,0.9576458902459328,8.19065516987361e-06
0.9579426993265144,1.804763770378349e-07,0.9578496866998916,8.152071198013872e-06
0.9581478769602726,1.805598053917825e-07,0.9580518049732605,8.114343634566737e-06
0.9583513501830957,1.80644683969285e-07,0.9582522659434576,8.077460307921465e-06
0.9585531248621469,1.8073101072709185e-07,0.9584510901441222,8.041408989452741e-06
0.9587532185989162,1.808187835910262e-07,0.9586482977651142,8.00617767373533e-06
0.9589516695299648,1.8091246014455708e-07,0.9588439086639737,7.971754359880948e-06
0.9591484981903643,1.8100608821742306e-07,0.9590379423831104,7.938127233339212e-06
0.9593437016465332,1.8110263787600892e-07,0.9592304181340457,7.905284681943454e-06
0.9595373268357775,1.812035886123966e-07,0.9594213548174686,7.873214867835625e-06
0.9597293678909342,1.8130151645453713e-07,0.9596107710361252,7.841906420383253e-06
0.9599198688157278,1.8140532155020793e-07,0.9597986850933878,7.811347665079871e-06
0.9601088384109032,1.8150906727971986e-07,0.9599851149903895,7.781527423659065e-06
0.9602962884107872,1.8161719612762433e-07,0.9601700784446455,7.752434306111102e-06
0.9604822334832877,1.8172674052707518e-07,0.9603535928886211,7.72405727448451e-06
0.960666705897803,1.8183473993464778e-07,0.9605356754926497,7.696385205633396e-06
0.960849723255823,1.8194858764750687e-07,0.9607163431319881,7.66940704020912e-06
0.9610312943580924,1.8205940983395032e-07,0.9608956124441119,7.643112145801297e-06
0.9612114397396829,1.8217459339253818e-07,0.9610734997800147,7.617489451490749e-06
0.9613901711349211,1.8229265477260643e-07,0.9612500212500444,7.592528619025988e-06
0.9615675090788783,1.824076910458959e-07,0.9614251927081474,7.568218785093139e-06
0.9617434799737895,1.8252707505417354e-07,0.9615990297762186,7.5445494888791926e-06
0.9619180838196546,1.8264785345521489e-07,0.9617715478183191,7.5215106160498e-06
0.9620913470187085,1.8277002348468482e-07,0.961942761970756,7.499091731407537e-06
0.9622632754381144,1.8289358235382587e-07,0.962112687132056,7.477282514274159e-06
0.962433895480107,1.8301558834976403e-07,0.9622813379887488,7.456073021207744e-06
0.9626032130118498,1.831419184629544e-07,0.9624487289838538,7.435453265593841e-06
0.9627712456348325,1.8326816149449577e-07,0.9626148743569877,7.415413515172814e-06
0.9629380256184533,1.8339578404555155e-07,0.9627797881300404,7.395943721484774e-06
0.9631035324276406,1.835233178476037e-07,0.9629434841086076,7.3770343254284375e-06
0.9632677983317925,1.836536918212108e-07,0.9631059758991798,7.35867586906756e-06
0.963430840932399,1.837854366215039e-07,0.9632672769019794,7.340858711011529e-06
0.9635926778309496,1.8391708704944567e-07,0.9634274003138268,7.323573545408831e-06
0.963753314894608,1.840457208567812e-07,0.9635863591553554,7.3068110816208785e-06
0.9639127667912822,1.841801055976092e-07,0.9637441662251743,7.290562235562734e-06
0.9640710335209723,1.8431439235773403e-07,0.9639008341571658,7.27481787977938e-06
0.9642281473530763,1.844485813511586e-07,0.9640563753947005,7.25956903458794e-06
0.9643841141547576,1.8458558674058744e-07,0.9642108022035303,7.244806838760628e-06
0.9645389544610875,1.847195787257571e-07,0.9643641266545988,7.2305227427645135e-06
0.9646926653384845,1.8485638326693813e-07,0.9645163606684463,7.216707772355455e-06
0.9648452643884385,1.84995994124475e-07,0.9646675159736696,7.2033535756341805e-06
0.9649967780131843,1.851325944073996e-07,0.9648176041427328,7.190451723798546e-06
0.9651471974119769,1.8527199712742447e-07,0.9649666365747778,7.177993715788893e-06
0.9652965460534694,1.854083940642827e-07,0.9651146245142458,7.165971508364171e-06
0.9654448268712436,1.8554903897863455e-07,0.9652615790394184,7.15437696118231e-06
0.9655920574667891,1.8568957736581057e-07,0.9654075110767414,7.143201878551524e-06
0.9657382466408512,1.858300094675019e-07,0.9655524313950948,7.132438466316957e-06
0.9658834090613378,1.8596888940428047e-07,0.9656963506086585,7.122078886432987e-06
0.9660275593961573,1.861120007960736e-07,0.9658392791898033,7.112115412378809e-06
0.9661707005788912,1.8625500222644735e-07,0.9659812274676586,7.102540434323462e-06
0.9663128443438663,1.8639500833115788e-07,0.9661222056109237,7.093346577895477e-06
0.9664539965582457,1.8653635108471423e-07,0.9662622236694075,7.084526216290158e-06
0.9665941806906826,1.8667902745101274e-07,0.9664012915410833,7.07607204278766e-06
0.9667333908740137,1.8682159485485658e-07,0.9665394189892776,7.067976962426098e-06
0.9668716535104738,1.869669303802843e-07,0.9666766156455349,7.060233906457535e-06
0.9670089627328996,1.8710927841740583e-07,0.9668128910010227,7.052835874193548e-06
0.9671453420099443,1.8725295445671168e-07,0.9669482544366137,7.0457758986728855e-06
0.9672807913416079,1.8739795544370608e-07,0.967082715188506,7.039047203043622e-06
0.967415322462217,1.8753997632114986e-07,0.9672162823754403,7.032643090020657e-06
0.9675489559068429,1.876861884611657e-07,0.9673489649886725,7.026557021940696e-06
0.967681674073996,1.878265595817257e-07,0.967480771910595,7.02078243295565e-06
0.9678135180338192,1.8797397951226963e-07,0.967611711890386,7.015312885197578e-06
0.9679444760519859,1.881169951295316e-07,0.9677417935626302,7.010142148864571e-06
0.9680745627964044,1.8826275913495738e-07,0.9678710254559145,7.005264090547994e-06
0.9682037900014012,1.884055555443948e-07,0.9679994159770701,7.000672407271382e-06
0.9683321606005579,1.8855109647131408e-07,0.9681269734283622,6.996361243533823e-06
0.9684596863282012,1.8869509991583963e-07,0.9682537060017603,6.992324733618241e-06
0.9685863613171679,1.8884184181907435e-07,0.9683796217732082,6.988556811479161e-06
0.9687122237040191,1.8898704675760996e-07,0.9685047287226787,6.985051982550282e-06
0.96883726468801,1.8913356214996496e-07,0.9686290347255775,6.981804518475087e-06
0.9689614930698855,1.8927570159537044e-07,0.9687525475470152,6.978808959621061e-06
0.9690849029824824,1.8942199371717987e-07,0.9688752748632926,6.9760596550864785e-06
0.9692075296287804,1.8956675426966112e-07,0.9689972242432796,6.9735515356055274e-06
0.9693293700751978,1.8970998675886304e-07,0.969118403155577,6.9712790363000685e-06
0.9694504243217346,1.8985736075867178e-07,0.9692388189871382,6.9692371781756154e-06
0.9695706923683908,1.900003741732167e-07,0.9693584790131884,6.967420837366796e-06
0.9696902064845646,1.901475231081457e-07,0.9694773904258728,6.965824939640638e-06
0.9698089608030925,1.9028890516014817e-07,0.9695955603299595,6.964444500701434e-06
0.969926961191138,1.9043441893843524e-07,0.9697129957270829,6.963275052694328e-06
0.9700442164494459,1.9057841046918778e-07,0.9698297035458241,6.962311410017811e-06
0.9701607383123428,1.907265234936964e-07,0.9699456906144954,6.961549138264018e-06
0.9702765238462472,1.9086747666084075e-07,0.970060963684059,6.960983474270892e-06
0.9703915906526487,1.9101114173633784e-07,0.9701755294195322,6.960610254581545e-06
0.9705059357979658,1.911575126057561e-07,0.9702893943971227,6.960424680448801e-06
0.9706195768836885,1.9130095986733197e-07,0.9704025651242821,6.960422748566308e-06
0.9707325051090716,1.9144429964536764e-07,0.9705150480067612,6.960599822687839e-06
0.9708447410091867,1.9158472472927055e-07,0.9706268493973113,6.960952064316677e-06
0.9709562875176155,1.91730657714907e-07,0.9707379755512794,6.961475120101229e-06
0.971067153435103,1.9187367648620687e-07,0.9708484326523921,6.962165166001032e-06
0.9711773299609041,1.9201658873356836e-07,0.9709582268127552,6.9630180583054665e-06
0.9712868376300905,1.921621937506876e-07,0.9710673640628272,6.964030029890049e-06
0.9713956940441518,1.9230209460627788e-07,0.9711758503714728,6.965197227523429e-06
0.9715038816015983,1.9244329123582291e-07,0.9712836916173144,6.966515905818222e-06
0.9716114149703382,1.9258717722384157e-07,0.9713908936288402,6.967982427965271e-06
0.9717183058846982,1.9273095579179534e-07,0.9714974621442963,6.969593150651719e-06
0.9718245514110964,1.9287044408955984e-07,0.9716034028474972,6.97134454056233e-06
0.971930151549533,1.930126183021379e-07,0.9717087213477719,6.97323321354111e-06
0.972035138569406,1.931532955337824e-07,0.9718134231942879,6.9752557037457234e-06
0.9721394948692256,1.9329387038205478e-07,0.9719175138588626,6.977408657149137e-06
0.9722432351168999,1.9343573337885983e-07,0.9720209987517194,6.979688947605878e-06
0.9723463563788474,1.9357610312104968e-07,0.9721238832300829,6.982093137830068e-06
0.9724488733229761,1.9371498285475055e-07,0.9722261725752593,6.984618289100804e-06
0.972550788882868,1.9385653768433775e-07,0.9723278720098261,6.987261229624763e-06
0.9726520971913595,1.9399798922540878e-07,0.9724289867019291,6.990019017187073e-06
0.9727528305178488,1.9413656715412186e-07,0.9725295217452287,6.99288863154119e-06
0.9728529653936827,1.9427504623412633e-07,0.9726294821875479,6.995867128819421e-06
0.9729525223539328,1.9441342667664954e-07,0.9727288730122511,6.998951757115547e-06
0.9730515043321807,1.9455032635853681e-07,0.9728276991482714,7.002139649239746e-06
0.973149914262008,1.946885111379155e-07,0.9729259654615153,7.005428245684441e-06
0.9732477638777413,1.9482797828035928e-07,0.973023676767755,7.008814680363449e-06
0.9733450355778908,1.9496596627026268e-07,0.9731208378183043,7.012296280309825e-06
0.9734417616318545,1.9510247824605768e-07,0.9732174533243692,7.015870757239292e-06
0.973537944973214,1.952388947720449e-07,0.9733135279384266,7.01953547897007e-06
0.9736335591997347,1.9537934551111683e-07,0.9734090662441981,7.023287815266834e-06
0.9737286512487227,1.9551281781190428e-07,0.9735040728024863,7.027125520877498e-06
0.9738231976515249,1.9565169736157359e-07,0.9735985520953112,7.031046275788059e-06
0.9739172189432129,1.9578635760872648e-07,0.9736925085717473,7.0350475710206865e-06
0.97401070338946,1.959236706183742e-07,0.9737859466235727,7.0391274353585065e-06
0.9741036627245929,1.9605814406396013e-07,0.9738788705881335,7.043283250365384e-06
0.9741961116165199,1.961911545666701e-07,0.9739712847683982,7.047513278952759e-06
0.974288038330914,1.9632681463381217e-07,0.9740631934028766,7.051815023081869e-06
0.9743794516685206,1.9646238102577157e-07,0.9741546006957007,7.0561865602665035e-06
0.974470363363666,1.9659648598981317e-07,0.9742455108023003,7.060625932584105e-06
0.9745607704827687,1.9672776548091135e-07,0.9743359278265382,7.0651309185858775e-06
0.9746506788929918,1.968630557650893e-07,0.9744258558278728,7.0696998331824915e-06
0.9747400944614989,1.9699552279574064e-07,0.9745152988285195,7.074330575703071e-06
0.974829014254708,1.971292650693816e-07,0.9746042607991269,7.079021353238739e-06
0.974917450006946,1.972601899886649e-07,0.974692745670236,7.083770300142606e-06
0.9750054193197025,1.9739375293962958e-07,0.9747807573265506,7.088575554304161e-06
0.975092895790743,1.975258640684557e-07,0.9748682996083698,7.09343559850596e-06
0.975179905822302,1.9765516566670053e-07,0.9749553763273443,7.098348387976696e-06
0.9752664259457264,1.9778846189795347e-07,0.975041991236396,7.1033124881627445e-06
0.975352500164741,1.9791759193841003e-07,0.9751281480626632,7.108326164715874e-06
0.9754381138114374,1.980466377837296e-07,0.9752138504845823,7.113387800536723e-06
0.9755232551514893,1.9817424254264667e-07,0.9752991021390498,7.118495819913476e-06
0.9756079505871312,1.9830718986607393e-07,0.9753839066314488,7.1236486507268745e-06
0.975692185450455,1.9843598235027815e-07,0.9754682675342171,7.128844875437202e-06
0.9757759802765322,1.9856604568477853e-07,0.9755521883596314,7.134083004431071e-06
0.975859326264618,1.9869331686999818e-07,0.9756356726042114,7.139361514041877e-06
0.9759422439497837,1.9882321186514204e-07,0.975718723715775,7.1446791855332874e-06
0.9760247157305395,1.9895031853777744e-07,0.9758013451048975,7.150034389394298e-06
0.9761067562747937,1.990773440555079e-07,0.9758835401663972,7.1554259889849045e-06
0.976188359715383,1.992042885735822e-07,0.9759653122263373,7.160852362291039e-06
0.9762695407202154,1.9933115224675485e-07,0.9760466646007533,7.166312604713284e-06
0.9763502992892912,1.9945793522928818e-07,0.9761276005670062,7.171805213937083e-06
0.9764306412897735,1.995846376749545e-07,0.9762081233523222,7.177328991554741e-06
0.9765105549873359,1.9970721984762661e-07,0.9762882361767655,7.182882779869631e-06
0.9765900579834681,1.998337642371284e-07,0.9763679422059687,7.188465424377133e-06
0.976669159078915,1.9995888359926228e-07,0.9764472445855104,7.19407562426851e-06
0.9767478524065134,2.000852688235075e-07,0.9765261464151324,7.1997123812909005e-06
0.9768261350326818,2.0020888774584788e-07,0.9766046507745222,7.205374550717462e-06
0.976904030426073,2.0033108794157466e-07,0.9766827607075573,7.211061177613362e-06
0.9769815209851975,2.0045589688741516e-07,0.9767604792266023,7.216770974411573e-06
0.9770585979093102,2.005792873882851e-07,0.9768378093168054,7.222503029741425e-06
0.9771353081357173,2.0070126206035095e-07,0.9769147539232077,7.228256397705798e-06
0.9772116164614392,2.0082450180411732e-07,0.976991315976526,7.2340299865175005e-06
0.9772875434215474,2.0094632763078136e-07,0.977067498358775,7.2398230420152585e-06
0.9773630860824603,2.0106941716867728e-07,0.9771433039419428,7.245634329770881e-06
0.9774382532449227,2.0118842125311108e-07,0.9772187355550447,7.251463101299241e-06
0.9775130449089348,2.0131136276567581e-07,0.9772937960084748,7.257308499218637e-06
0.9775874610744963,2.0143022390977285e-07,0.9773684880710873,7.263169594734963e-06
0.9776614988080259,2.015516836143192e-07,0.9774428145017097,7.269045461943859e-06
0.9777351757110132,2.0167040311739925e-07,0.9775167780190614,7.27493528874025e-06
0.9778084771155501,2.0179038551955559e-07,0.9775903813146464,7.280838339437938e-06
0.9778814323574531,2.0190896466947318e-07,0.9776636270670769,7.2867538437526275e-06
0.9779540091673239,2.0202880539293183e-07,0.9777365179076952,7.292680849446267e-06
0.9780262398145607,2.0214724468629995e-07,0.97780905645352,7.298618849484096e-06
0.9780981096312554,2.0226428501147125e-07,0.9778812453029481,7.304566859803995e-06
0.9781696332853161,2.023839153336999e-07,0.9779530870157014,7.310524267375481e-06
0.9782408078431611,2.0249949079913315e-07,0.9780245841257185,7.316490350854967e-06
0.978311621570464,2.0261765495552433e-07,0.9780957391554782,7.322464391217149e-06
0.9783821096702043,2.0273442370898624e-07,0.9781665545930821,7.3284457451483945e-06
0.9784522428065658,2.028497994692742e-07,0.9782370329051451,7.334433734743013e-06
0.9785220444482016,2.0296643466756668e-07,0.9783071765310662,7.340427757562912e-06
0.9785915028607849,2.0308167861669257e-07,0.9783769878901911,7.346427176512724e-06
0.9786606268450608,2.0319818071703412e-07,0.9784464693818113,7.352431319986018e-06
0.978729419334611,2.0331064777124867e-07,0.9785156233722729,7.358439701297088e-06
0.9787978832630171,2.0342701874162044e-07,0.9785844522121656,7.3644515066793675e-06
0.9788660274310239,2.0354200191167815e-07,0.9786529582262955,7.3704664723374185e-06
0.9789338371707235,2.0365692016311058e-07,0.9787211437222797,7.376483824915077e-06
0.9790013271500236,2.0376913402371786e-07,0.9787890109805196,7.382503194289522e-06
0.9790684973689248,2.0388260519244167e-07,0.9788565622685249,7.3885238839517855e-06
0.979135344893845,2.0399337656326122e-07,0.9789237998136977,7.394545417876066e-06
0.9792018873262743,2.0410540544564905e-07,0.9789907258391428,7.400567357925125e-06
0.9792681070647228,2.0422000666007918e-07,0.979057342543614,7.406589122145872e-06
0.979334015843517,2.0433059511944418e-07,0.9791236521000817,7.412610311879541e-06
0.9793996195298202,2.0444375466408204e-07,0.9791896566686246,7.41863042100786e-06
0.9794649151900509,2.045542221582601e-07,0.9792553583835378,7.424649089941043e-06
0.9795299057577904,2.0466594404840078e-07,0.979320759359063,7.430665634521073e-06
0.9795945971002025,2.04773665047996e-07,0.9793858616879553,7.4366799152510415e-06
0.9796589833501235,2.0488526727815536e-07,0.9794506674543755,7.4426913956086645e-06
0.9797230674411351,2.04995496851186e-07,0.9795151787052416,7.448699432486224e-06
0.979786861107564,2.0510173354801636e-07,0.9795793974874719,7.454703889906221e-06
0.9798503643494102,2.0521315736290837e-07,0.9796433258164711,7.460704452089953e-06
0.979913574233092,2.0532190109106332e-07,0.9797069656918876,7.466700552143165e-06
0.9799764819578645,2.0542927812659551e-07,0.9797703190933164,7.472691912895439e-06
0.980039116859544,2.0553659906590816e-07,0.9798333879903248,7.478678042294961e-06
0.9801014672038041,2.0564386399682735e-07,0.9798961743295623,7.484658773236533e-06
0.9801635241898998,2.057523800891261e-07,0.9799586800318945,7.490633580109622e-06
0.9802252936849944,2.0586083897899283e-07,0.980020907011025,7.4966022259594955e-06
0.9802867962241595,2.0596532361405612e-07,0.9800828571577388,7.5025644745706584e-06
0.9803480112723234,2.0607236538509624e-07,0.9801445323542266,7.508519803924071e-06
0.9804089505638127,2.0617804720809997e-07,0.9802059344525982,7.5144680873150545e-06
0.9804696258329542,2.0628367488893152e-07,0.9802670652978015,7.52040891233535e-06
0.9805300106775129,2.063879454619151e-07,0.9803279267147305,7.526342046519538e-06
0.9805901403004685,2.0649476815637772e-07,0.9803885205125227,7.532267222407249e-06
0.9806499971003313,2.0659763046423204e-07,0.980448848487424,7.538184030649233e-06
0.9807095898778461,2.0670434479565524e-07,0.9805089124055993,7.5440924552853e-06
0.9807689068986863,2.0680710286370804e-07,0.980568714040376,7.549991910449504e-06
0.9808279628307603,2.0691110966110148e-07,0.9806282551264061,7.555882381558579e-06
0.9808867606076497,2.0701246597690369e-07,0.9806875373997739,7.561763640652489e-06
0.9809453002293543,2.0711766811398684e-07,0.9807465625736455,7.567635282759533e-06
0.9810035846294559,2.072202212199736e-07,0.9808053323454299,7.573497117187887e-06
0.9810616050072095,2.0732402077126239e-07,0.9808638483982125,7.579348989280591e-06
0.9811193730969419,2.074264718550697e-07,0.9809221124021866,7.585190638453508e-06
0.9811768859650711,2.075262805672176e-07,0.9809801260175189,7.591021840311983e-06
0.9812341494787606,2.076273365785774e-07,0.9810378908728629,7.596842477310276e-06
0.9812911665715921,2.0772704877924626e-07,0.9810954086026016,7.6026521846025736e-06
0.9813479313764022,2.0783059519917516e-07,0.9811526808124699,7.608450881185779e-06
0.9814044468267725,2.0792891653600287e-07,0.9812097091039055,7.614238309656339e-06
0.9814607275906113,2.0802977695629628e-07,0.9812664950582922,7.620014389809282e-06
0.9815167560664287,2.081318806381319e-07,0.9813230402455546,7.625778865299786e-06
0.9815725410549697,2.082287681856889e-07,0.9813793462198607,7.631531480505387e-06
0.9816280884233975,2.083281925231217e-07,0.9814354145282164,7.63727219179979e-06
0.9816833981717122,2.0842756943305834e-07,0.9814912466975738,7.643000885258256e-06
0.9817384791006587,2.0852689898330586e-07,0.981546844243426,7.648717306598175e-06
0.9817933165423287,2.0862489216434957e-07,0.9816022086698063,7.654421307641885e-06
0.9818479134303039,2.0872283933862898e-07,0.9816573414635595,7.66011274059314e-06
0.9819022844324925,2.0881945269476912e-07,0.9817122441058005,7.665791422950872e-06
0.9819564324824762,2.0891730865281499e-07,0.98176691806332,7.6714573479739e-06
0.9820103429123467,2.0901511879701001e-07,0.9818213647857199,7.677110333723953e-06
0.9820640215892673,2.0911031102999954e-07,0.9818755857082782,7.682750128723543e-06
0.9821174743804014,2.0920674544867558e-07,0.9819295822662722,7.688376762000826e-06
0.9821707071529122,2.093044203360731e-07,0.9819833558720614,7.693989947846935e-06
0.9822237199067997,2.0939948105368964e-07,0.9820369079337075,7.69958978552919e-06
0.9822765009077373,2.094944986363352e-07,0.9820902398291917,7.705175990022683e-06
0.9823290677572148,2.0958690682999905e-07,0.982143352959414,7.7107485212022e-06
0.9823814145880692,2.0968440463124418e-07,0.982196248679437,7.71630719957494e-06
0.9824335384667185,2.0977929316044108e-07,0.9822489283500527,7.721851985401868e-06
0.9824854511274895,2.098715759567539e-07,0.9823013933162972,7.727382908588789e-06
0.9825371437696373,2.099676607402562e-07,0.9823536449117466,7.732899651101764e-06
0.9825886310610699,2.1006114105479244e-07,0.9824056844628154,7.738402208515977e-06
0.9826398983338792,2.101545797877065e-07,0.9824575132844586,7.743890541612653e-06
0.9826909573223919,2.1024669786092892e-07,0.9825091326658479,7.749364541797825e-06
0.9827418021594445,2.1034005416451434e-07,0.9825605439147763,7.754824031345809e-06
0.982792441645782,2.1043336905167134e-07,0.9826117483003616,7.760269075537385e-06
0.9828428728478228,2.1052536513711157e-07,0.9826627470960189,7.765699531603029e-06
0.9828930957655669,2.1061604414897394e-07,0.9827135415622714,7.77111525709066e-06
0.9829431162661776,2.1070923681098708e-07,0.9827641329453185,7.776516317359198e-06
0.9829929314160731,2.1079983672744393e-07,0.9828145224884947,7.781902639267142e-06
0.9830425500159986,2.1089039772157814e-07,0.9828647114107831,7.787274080721718e-06
0.983091963265209,2.1098219452561075e-07,0.9829147009397617,7.792630637982725e-06
0.983141174097286,2.1107140314325432e-07,0.9829644922829548,7.797972307235034e-06
0.9831901883793928,2.1116184767071578e-07,0.9830140866378593,7.803298808875197e-06
0.9832390149122743,2.112535265205952e-07,0.9830634851919455,7.808610277264405e-06
0.9832876243601143,2.1134134809965253e-07,0.9831126891269544,7.813906708641609e-06
0.983336046058729,2.1143294911686719e-07,0.9831616996160317,7.81918789280424e-06
0.9833842917424451,2.1152069620121438e-07,0.9832105178208647,7.824453963739067e-06
0.9834323262082828,2.1160967780199935e-07,0.983259144878789,7.829704677156761e-06
0.9834801817256402,2.1169735163354467e-07,0.9833075819443294,7.834940269883667e-06
0.9835278348258643,2.1178498917026048e-07,0.983355830151957,7.840160463492787e-06
0.9835753060440263,2.1187512908478837e-07,0.9834038906203864,7.845365220164379e-06
0.9836225836457999,2.1196269311812025e-07,0.9834517644640346,7.850554639115039e-06
0.9836696793655116,2.1205022099275708e-07,0.9834994527930218,7.855728613803914e-06
0.9837165902695797,2.1213771275345598e-07,0.9835469567031437,7.860887174726879e-06
0.9837633134244226,2.1222263400448308e-07,0.9835942772858992,7.866030181262363e-06
0.9838098488300403,2.123100547147767e-07,0.9836414156141653,7.871157834735393e-06
0.983856202353596,2.1239617325496548e-07,0.9836883727665491,7.876269926117413e-06
0.9839023769286716,2.1248352256714872e-07,0.9837351498016037,7.881366383322096e-06
0.98394837842243,2.125683056668538e-07,0.983781747773585,7.886447373062585e-06
0.9839941892333817,2.1265558427482613e-07,0.9838281677324515,7.891512652583744e-06
0.9840398328301795,2.127402988030257e-07,0.9838744107167029,7.896562490517768e-06
0.9840852945449156,2.1282624324824816e-07,0.9839204777591086,7.901596678222225e-06
0.9841305773111713,2.1291215300100727e-07,0.9839663698738171,7.906615245590892e-06
0.98417568699611,2.129955028591648e-07,0.9840120880807064,7.911618256341392e-06
0.9842206206661501,2.1308008224552913e-07,0.9840576333824655,7.916605434229076e-06
0.9842653841884548,2.1316336644101302e-07,0.9841030067832158,7.921577182603237e-06
0.9843099746294426,2.132466181095722e-07,0.9841482092713223,7.926533191213596e-06
0.9843543919891133,2.1333109793628944e-07,0.9841932418294201,7.931473591287025e-06
0.9843986480017937,2.1341428417377983e-07,0.9842381054286855,7.93639831031381e-06
0.9844427279995753,2.1349869765630853e-07,0.9842828010460237,7.941307411332517e-06
0.98448663491604,2.1357930027506475e-07,0.9843273296368543,7.946200821755995e-06
0.9845303746183511,2.1366364856362268e-07,0.9843716921608939,7.951078604377734e-06
0.9845739617744166,2.1374293076903585e-07,0.984415889549211,7.955940720335986e-06
0.9846173729155835,2.1382721451038413e-07,0.9844599227572249,7.96078716455399e-06
0.9846606285769233,2.1390643609178153e-07,0.9845037927088421,7.965618033160567e-06
0.9847037082233644,2.1399065543387732e-07,0.9845475003308335,7.970433253252273e-06
0.9847466294563968,2.14071072819442e-07,0.9845910465370787,7.975232853173501e-06
0.9847893981431837,2.141489483641131e-07,0.9846344322428895,7.980016760005664e-06
0.9848319966822352,2.1423056168374032e-07,0.9846776583492537,7.984785170359551e-06
0.9848744426750412,2.1431214392377803e-07,0.984720725754294,7.989537842694964e-06
0.9849167185201119,2.1439369511970596e-07,0.9847636353475391,7.99427510784899e-06
0.9849588447525187,2.1447145351880788e-07,0.9848063880170848,7.998996757848404e-06
0.9850008096379351,2.1455169069368016e-07,0.9848489846352706,8.00370285393015e-06
0.9850426278442694,2.1463064486632422e-07,0.9848914260715711,8.008393457096363e-06
0.9850842905707765,2.147108225515906e-07,0.9849337131897314,8.013068460306362e-06
0.9851257948838749,2.147909703079416e-07,0.9849758468477668,8.017727957933318e-06
0.9851671407835644,2.1486983655702968e-07,0.985017827905125,8.022372044040863e-06
0.9852083370705901,2.1494617154209686e-07,0.985059657194038,8.02700057785976e-06
0.9852493866785337,2.150249808669265e-07,0.9851013355581969,8.031613653246829e-06
0.9852902749394867,2.15103761317741e-07,0.9851428638312659,8.036211430684454e-06
0.9853310165213577,2.1518126312583172e-07,0.9851842428397476,8.040793769183777e-06
0.9853716172913096,2.152599863807624e-07,0.9852254734029818,8.045360661697867e-06
0.9854120655150161,2.1533868085614252e-07,0.985266556333147,8.049912268148732e-06
0.9854523611924773,2.1541484970034792e-07,0.9853074924366914,8.054448480892849e-06
0.985492518991601,2.1549099162142106e-07,0.9853482825200635,8.058969459407811e-06
0.9855325213108976,2.1556835421130833e-07,0.9853889273782525,8.063475095909222e-06
0.985572385751857,2.1564444193146268e-07,0.9854294278019503,8.067965482768008e-06
0.9856120976465709,2.157205028143868e-07,0.9854697845703897,8.072440645432531e-06
0.9856516745965291,2.1579778312550063e-07,0.9855099984713975,8.076900675802037e-06
0.9856911107345686,2.1587129837656227e-07,0.9855500702741797,8.081345465817021e-06
0.9857303943263624,2.159485247233042e-07,0.9855900007450771,8.085775073870766e-06
0.9857695459069823,2.1602447854058438e-07,0.9856297906504307,8.09018969111114e-06
0.98580855080852,2.1609791667120158e-07,0.9856694407379598,8.094589109497345e-06
0.9858474207653021,2.1617381799883505e-07,0.9857089517740055,8.098973519827692e-06
0.9858861411094204,2.1624720541337788e-07,0.9857483244848011,8.103342946463039e-06
0.9859247323759462,2.163205679310172e-07,0.9857875596280931,8.107697314117798e-06
0.9859631945648799,2.16395148373823e-07,0.9858266579329795,8.112036746499531e-06
0.9860015071411496,2.1647094548296486e-07,0.9858656201256939,8.116361234428925e-06
0.986039690639827,2.1654423220023878e-07,0.9859044469367666,8.120670934250081e-06
0.9860777303930038,2.166174941229196e-07,0.985943139078107,8.124965670896468e-06
0.9861156410685884,2.1669197237051526e-07,0.985981697274516,8.1292456334952e-06
0.9861534226665806,2.1676270300277358e-07,0.9860201222221463,8.133510746174232e-06
0.9861910634526538,2.1683465084054705e-07,0.9860584146372043,8.137761230568994e-06
0.9862285751611348,2.169115342081437e-07,0.9860965752129779,8.141996845345155e-06
0.9862659577920234,2.1698343269614854e-07,0.9861346046456198,8.146217877804292e-06
0.986303208411738,2.1705282932737746e-07,0.9861725036255528,8.150424185620716e-06
0.986340324086697,2.1712591964093517e-07,0.9862102728303085,8.154615923497828e-06
0.9863773165512271,2.1719898535864302e-07,0.9862479129503098,8.15879311389239e-06
0.9864141740710014,2.1727202650531477e-07,0.9862854246544934,8.162955746191632e-06
0.98645091424751,2.1734133098916512e-07,0.9863228086132289,8.1671038097266e-06
0.9864875077449363,2.1741308734346047e-07,0.9863600654940203,8.17123758998304e-06
0.9865239897662603,2.174860565855139e-07,0.9863971959543454,8.175356812565848e-06
0.9865603397764102,2.1755405671856392e-07,0.9864342006559789,8.17946166386516e-06
0.9865965724432945,2.176257429321666e-07,0.9864710802506687,8.183552132643988e-06
0.9866326730990046,2.176974055400082e-07,0.986507835374406,8.187628404690668e-06
0.9866686446771226,2.177678096094445e-07,0.9865444666846684,8.191690271387492e-06
0.986704504779138,2.178320180349884e-07,0.9865809748102853,8.195738049478062e-06
0.9867402328699794,2.1790608117013744e-07,0.9866173603886802,8.199771595837734e-06
0.9867758436175551,2.1797641783957048e-07,0.986653624050115,8.203790931458393e-06
0.986811337021865,2.1804549843687818e-07,0.9866897664205541,8.207796273811286e-06
0.986846689614256,2.1811455715518456e-07,0.9867257881102052,8.211787446873474e-06
0.9868819365977078,2.1818236140574943e-07,0.9867616897564924,8.215764667698735e-06
0.9869170662378939,2.1825137681811927e-07,0.9867974719524343,8.21972779294915e-06
0.9869520756012325,2.1832160224368354e-07,0.9868331353139687,8.223677104623017e-06
0.9869869588205605,2.1838811076385798e-07,0.9868686804441412,8.227612426491311e-06
0.9870217276302045,2.1845829223504332e-07,0.9869041079445655,8.231534007317396e-06
0.9870563908309091,2.185259898315035e-07,0.9869394184125576,8.235441670796624e-06
0.9870909190868582,2.18593666462286e-07,0.9869746124354069,8.23933556729192e-06
0.9871253358667048,2.1866132214685778e-07,0.9870096906032673,8.243215781562737e-06
0.9871596529047755,2.1872772736845654e-07,0.9870446534991311,8.247082300311703e-06
0.9871938379316723,2.1879657075508628e-07,0.9870795017074226,8.2509350776038e-06
0.9872279144160481,2.188629349408972e-07,0.9871142357982424,8.254774393313867e-06
0.9872618764907399,2.1892805059852995e-07,0.987148856343123,8.258600038267098e-06
0.9872957212221659,2.1899437494061446e-07,0.9871833639193268,8.26241216164947e-06
0.9873294544774895,2.190631345298566e-07,0.9872177590811978,8.266210879770738e-06
0.9873630821238739,2.1912696340055068e-07,0.9872520423988361,8.269996081026346e-06
0.9873965924269925,2.19194454479882e-07,0.9872862144165587,8.273767978994761e-06
0.9874299941875903,2.1925947168289478e-07,0.987320275697304,8.277526526882668e-06
0.9874632874056672,2.1932692198690275e-07,0.9873542267882536,8.281271775342332e-06
0.9874964662140602,2.193918999329237e-07,0.987388068239454,8.285003709949448e-06
0.9875295423470954,2.194580840910991e-07,0.9874218005866279,8.288722478470688e-06
0.9875625040704467,2.195217981250066e-07,0.9874554243669298,8.292427968893893e-06
0.9875953513841137,2.195854936719099e-07,0.9874889401261091,8.2961204583463e-06
0.9876281018895866,2.1965161949754504e-07,0.9875223483869967,8.299799834569803e-06
0.987660740918957,2.1971650141904088e-07,0.9875556496795853,8.303466082608131e-06
0.9876932802065514,2.1978014053804685e-07,0.9875888445238408,8.307119414086992e-06
0.9877257080180435,2.1984743109827416e-07,0.9876219334511882,8.310759781320808e-06
0.9877580184862698,2.1990980940099462e-07,0.9876549169729991,8.314387266029693e-06
0.9877902409470467,2.1997583773573795e-07,0.9876877956049421,8.318001852736259e-06
0.9878223548653028,2.2003695741620825e-07,0.9877205698555238,8.321603525930084e-06
0.9878543631746197,2.201017257472356e-07,0.9877532402389804,8.325192657711794e-06
0.9878862629414158,2.2016403200155719e-07,0.9877858072523592,8.32876887681709e-06
0.9879180688335993,2.2022509945195898e-07,0.9878182714027344,8.332332393528288e-06
0.9879497720504252,2.2028981246656483e-07,0.9878506331756939,8.335883385447162e-06
0.9879813637911488,2.2035572693558985e-07,0.9878828930897713,8.339421610584633e-06
0.9880128587236781,2.204143010267189e-07,0.9879150516090682,8.34294743976814e-06
0.9880442597815946,2.2047773873159459e-07,0.987947109237794,8.346460695378875e-06
0.9880755552305721,2.2053993875592844e-07,0.9879790664586721,8.349961489911461e-06
0.9881067509377737,2.206021212426119e-07,0.9880109237529929,8.353449839032602e-06
0.9881378410360361,2.2066550495226993e-07,0.9880426816020474,8.356925790508217e-06
0.9881688284589409,2.2072521525293378e-07,0.9880743404713695,8.36038948847256e-06
0.9881997337415597,2.2078978168471254e-07,0.9881059008451152,8.363840819531523e-06
0.9882305392824026,2.208494583851106e-07,0.9881373631888182,8.367279863270789e-06
0.988261242147888,2.209091189643614e-07,0.9881687279694454,8.370706827603078e-06
0.9882918423380158,2.2097241461483514e-07,0.988199995645369,8.37412153466861e-06
0.9883223457199495,2.2103325872400546e-07,0.9882311666878526,8.377524159965184e-06
0.9883527581608521,2.210928697058474e-07,0.9882622415495388,8.380914718208277e-06
0.9883830796607237,2.2115489672407933e-07,0.9882932206816377,8.384293224037426e-06
0.9884132984852378,2.2121569064259596e-07,0.988324104541089,8.387659756142789e-06
0.9884434263687211,2.212752524777554e-07,0.988354893576238,8.391014328936185e-06
0.9884734574440099,2.2133601333840121e-07,0.9883855882339974,8.394357020830288e-06
0.9885033946446863,2.2139311334251772e-07,0.9884161889526856,8.39768784601264e-06
0.9885332409043316,2.2145384186537706e-07,0.9884466961792154,8.401006914634453e-06
0.9885629903557828,2.2151576780718525e-07,0.9884771103490404,8.404314144625883e-06
0.9885926459326212,2.215740352365133e-07,0.9885074318961817,8.407609741879658e-06
0.988622216435592,2.216335007700896e-07,0.9885376612575253,8.41089359217163e-06
0.9886516901303686,2.2169052415148754e-07,0.9885677988613625,8.414165837103884e-06
0.9886810670169509,2.2175117122577687e-07,0.9885978451288226,8.417426426311609e-06
0.9887103617632472,2.2181058927070524e-07,0.9886278004881975,8.420675533021488e-06
0.9887395597013493,2.218675671376361e-07,0.9886576653677783,8.4239131066697e-06
0.9887686754991654,2.2192695401908065e-07,0.988687440172938,8.427139256287388e-06
0.9887977062231137,2.2198753650065508e-07,0.9887171253305355,8.430353963089163e-06
0.9888266284045412,2.2204446896193035e-07,0.988746721250241,8.433557240160352e-06
0.9888554860471725,2.2210259768937974e-07,0.9887762283531839,8.436749228026108e-06
0.9888842351472831,2.221607112073494e-07,0.9888056470318454,8.439929907630656e-06
0.9889129021071076,2.222188095277718e-07,0.9888349777073547,8.44309932360669e-06
0.9889414898602277,2.2227568275206375e-07,0.9888642207678959,8.446257552315397e-06
0.9889699808051535,2.2233254142804216e-07,0.9888933766345983,8.449404701787944e-06
0.9889983896097934,2.223905948587685e-07,0.9889224456884839,8.452540625314831e-06
0.989026701606239,2.2244742416263865e-07,0.9889514283392224,8.455665462606977e-06
0.9890549343959801,2.2250544761955314e-07,0.9889803249721332,8.458779289537844e-06
0.9890830850454353,2.225598308717815e-07,0.9890091359768326,8.461882150044167e-06
0.9891111476874411,2.2261903308183167e-07,0.989037861754396,8.464974056185273e-06
0.9891391340563243,2.2267338859322172e-07,0.9890665026829807,8.468054956442926e-06
0.9891670206834314,2.227277308394404e-07,0.9890950591450407,8.471125116802981e-06
0.9891948251702526,2.2278809556690575e-07,0.9891235315316249,8.474184390259855e-06
0.9892225651182776,2.2284361667424055e-07,0.9891519202137281,8.477232947221758e-06
0.9892502023909451,2.228979174190601e-07,0.9891802255738047,8.480270640681293e-06
0.9892777692576531,2.2295582363674415e-07,0.989208447984282,8.483297735921536e-06
0.9893052451833302,2.2300768518860406e-07,0.9892365878247493,8.486314054141538e-06
0.9893326477694662,2.2306556291136552e-07,0.9892646454561748,8.489319796903652e-06
0.9893599506138262,2.2311980964105952e-07,0.9892926212509857,8.492315038772958e-06
0.98938718891939,2.2317524822522268e-07,0.9893205155787448,8.495299664229163e-06
0.989414345084668,2.23230673041401e-07,0.9893483287975551,8.498273811040917e-06
0.9894414132424965,2.2328728853535944e-07,0.989376061279844,8.501237521840777e-06
0.9894684021936206,2.2334027726754143e-07,0.9894037133693906,8.504190807539594e-06
0.9894953178052037,2.233932534308315e-07,0.9894312854400548,8.507133773833152e-06
0.9895221512765008,2.2344982773179238e-07,0.9894587778384802,8.510066336621722e-06
0.9895489026075117,2.2350398119645645e-07,0.989486190914176,8.512988633021013e-06
0.9895755747318185,2.235569185669175e-07,0.9895135250295424,8.515900578859197e-06
0.9896021735165839,2.2361224878181988e-07,0.9895407805254935,8.518802437306611e-06
0.9896286872274818,2.2366636292156401e-07,0.9895679577501061,8.521694060874334e-06
0.9896551334660018,2.2372046397202706e-07,0.9895950570557535,8.524575554622081e-06
0.9896814828963276,2.2377335012983223e-07,0.989622078773323,8.527446897281191e-06
0.9897077765886021,2.2382742532055082e-07,0.9896490232480262,8.53030831979088e-06
0.9897339852070091,2.238802862113951e-07,0.9896758908265071,8.533159674548744e-06
0.9897601146187115,2.239343355794159e-07,0.989702681839653,8.536001003149745e-06
0.9897861824251994,2.2398597056743314e-07,0.989729396624081,8.538832504575339e-06
0.9898121622242382,2.240387940502815e-07,0.9897560355063811,8.541653999688149e-06
0.9898380569494091,2.240928051874998e-07,0.989782598824603,8.54446578167304e-06
0.9898638959365289,2.2414560349306912e-07,0.9898090869096338,8.547267639865348e-06
0.9898896498497809,2.241971898238529e-07,0.9898355000794693,8.550059646929361e-06
0.9899153274899103,2.2424996355268856e-07,0.989861838672159,8.552842001175743e-06
0.9899409347240802,2.2430512281156057e-07,0.9898881029985365,8.555614649154663e-06
0.9899664656851273,2.243554737694648e-07,0.9899142933837594,8.558377600299708e-06
0.9899919262402149,2.2440701185560486e-07,0.9899404101529855,8.561130958239578e-06
0.9900173163893432,2.2445973625225304e-07,0.9899664536170485,8.563874732227162e-06
0.9900426243981854,2.2451005253494267e-07,0.9899924241025384,8.566608900077973e-06
0.9900678737353946,2.2456155514442647e-07,0.9900183219088295,8.569333596520346e-06
0.990093040932318,2.2461424326465302e-07,0.9900441473567825,8.572048861959389e-06
0.9901181377232818,2.2466452494366893e-07,0.9900699007586631,8.5747546739908e-06
0.9901431641082862,2.247135985875072e-07,0.990095582418143,8.577451072914647e-06
0.9901681200873311,2.2476505455650327e-07,0.9901211926489207,8.580138067605433e-06
0.9901930056604166,2.248164987482646e-07,0.9901467317460733,8.582815792231836e-06
0.9902178149603793,2.2486912713375726e-07,0.9901722000232989,8.585484224143255e-06
0.9902425567879641,2.2491815613658394e-07,0.9901975977756748,8.588143372001742e-06
0.9902672370103346,2.2496836988939687e-07,0.9902229253040078,8.590793369648329e-06
0.9902918350924189,2.2501857243681954e-07,0.9902481829091044,8.593434100366754e-06
0.9903163686357072,2.2506995868206129e-07,0.9902733708860418,8.596065791697772e-06
0.9903408347066175,2.2512252781455302e-07,0.9902984895313295,8.59868832683624e-06
0.9903652303715684,2.251703072848821e-07,0.9903235391328823,8.601301870490875e-06
0.9903895614977232,2.2522165891052485e-07,0.9903485199900747,8.603906274569274e-06
0.9904138192843369,2.2527061118661634e-07,0.9903734323879567,8.606501672359872e-06
0.990438006664991,2.253207463932325e-07,0.9903982766144436,8.609088196961819e-06
0.9904621324404308,2.2536967714665225e-07,0.9904230529588824,8.611665793912176e-06
0.990486187809911,2.2541979032018904e-07,0.9904477617020263,8.614234533664617e-06
0.9905101757070134,2.2546631400793147e-07,0.9904724031389522,8.61679433050888e-06
0.990534104932483,2.2551879074878126e-07,0.9904969775332243,8.619345348418917e-06
0.9905579549512481,2.25565294017315e-07,0.9905214851827843,8.621887595187186e-06
0.9905817433647988,2.25614171733738e-07,0.9905459263511962,8.624421078570176e-06
0.9906054701731349,2.256642306124574e-07,0.9905703013235102,8.626945868636075e-06
0.9906291295090932,2.2571308690436014e-07,0.9905946103776144,8.629462004179983e-06
0.9906527213726737,2.2576193262345646e-07,0.9906188537770727,8.6319694616144e-06
0.990676248697458,2.2580957680096767e-07,0.9906430318112327,8.63446834193955e-06
0.9906997085498646,2.2585840165248444e-07,0.9906671447364962,8.636958621462497e-06
0.9907231126642198,2.2590602548442354e-07,0.9906911928278864,8.639440369878038e-06
0.9907464463726157,2.259536392787756e-07,0.990715176354697,8.641913656775505e-06
0.9907697214093786,2.26002433007492e-07,0.9907390955776272,8.6443784583069e-06
0.9907929231066004,2.2604883678008847e-07,0.9907629507659705,8.64683481283061e-06
0.990816069065771,2.260987994228249e-07,0.9907867421818587,8.649282758636627e-06
0.990839138751819,2.2614518342155328e-07,0.9908104700902879,8.651722365031509e-06
0.9908621703013054,2.2619274687293135e-07,0.990834134750525,8.654153639067892e-06
0.9908851226440876,2.2624148903307915e-07,0.9908577364204043,8.656576556699362e-06
0.9909080163152367,2.2628784378359797e-07,0.9908812753620573,8.658991280232667e-06
0.9909308425140082,2.2633418904035513e-07,0.9909047518247239,8.661397692322054e-06
0.9909536012404018,2.263805248091814e-07,0.9909281660648062,8.663796048222569e-06
0.9909763100959075,2.264292265474209e-07,0.9909515183401381,8.666186106361916e-06
0.9909989514790354,2.2647673034556392e-07,0.9909748089013922,8.668568090772172e-06
0.991021537124112,2.265218497264968e-07,0.9909980380006731,8.670941946075924e-06
0.991044061163974,2.2656696012218975e-07,0.9910212058814909,8.673307771969302e-06
0.9910665177314584,2.2661562179380484e-07,0.9910443127945179,8.675665544022384e-06
0.991088921494473,2.266619000302388e-07,0.9910673589904264,8.678015268799728e-06
0.9911112753865998,2.2670816881983572e-07,0.991090344717024,8.680357076764204e-06
0.9911335500720222,2.2675442816837846e-07,0.9911132702106584,8.68269094334792e-06
0.9911557690193933,2.2680067808164393e-07,0.9911361357119753,8.685016936883639e-06
0.9911779263615499,2.2684573302971736e-07,0.9911589414730793,8.68733497082407e-06
0.9912000338328186,2.2688840841177502e-07,0.9911816877260213,8.689645175334431e-06
0.9912220826324544,2.2693581609076703e-07,0.9912043747085818,8.691947587598234e-06
0.991244066893294,2.2698202904438848e-07,0.9912270026700006,8.694242275671061e-06
0.9912659924825007,2.2703060175027174e-07,0.9912495718308695,8.696529121969932e-06
0.9912878623336563,2.270756110783076e-07,0.9912720824361309,8.698808287260647e-06
0.9913096676460156,2.2711824326642153e-07,0.9912945347192682,8.701079777579108e-06
0.9913314172203237,2.2716441910816623e-07,0.9913169289051701,8.703343598934601e-06
0.9913531169237438,2.2720940192748827e-07,0.9913392652359145,8.705599788202e-06
0.9913747491547862,2.2725319243283337e-07,0.9913615439292283,8.707848382197832e-06
0.9913963373821039,2.2729815768371442e-07,0.9913837652257566,8.710089510309248e-06
0.9914178610706255,2.2734547991892147e-07,0.9914059293489559,8.7123229622198e-06
0.9914393260875141,2.2738806151028103e-07,0.9914280365194179,8.714548928993853e-06
0.9914607324327698,2.2743300009651122e-07,0.9914500869691933,8.716767508923379e-06
0.9914820918407192,2.2747674755800238e-07,0.9914720809231712,8.718978645957782e-06
0.9915033837762909,2.2752048660776597e-07,0.9914940185976456,8.721182314921278e-06
0.9915246317081379,2.2756658082978656e-07,0.9915159002175056,8.723378552302697e-06
0.9915458239019337,2.2760912105712814e-07,0.9915377260033427,8.725567579463623e-06
0.9915669486233516,2.276551973329921e-07,0.991559496174316,8.727749186133263e-06
0.9915880322746266,2.276977210043223e-07,0.9915812109495848,8.729923439486845e-06
0.9916090513871053,2.2774023673563004e-07,0.9916028705440111,8.7320905914044e-06
0.9916300206286961,2.2778510584297898e-07,0.9916244751753215,8.734250339264148e-06
0.9916509341322357,2.2782878569347774e-07,0.991646025055513,8.736403027172381e-06
0.991671791897724,2.2787009676474528e-07,0.9916675204023127,8.7385484756928e-06
0.9916925968587428,2.279161202809041e-07,0.9916889614234202,8.740686782460572e-06
0.9917133431481288,2.2795859527935805e-07,0.9917103483365625,8.74281798347647e-06
0.9917340425002082,2.280010623650179e-07,0.9917316813465743,8.744942022429375e-06
0.9917546978485632,2.2804470085104862e-07,0.9917529606597234,8.747059089010929e-06
0.991775279857377,2.2808715190488674e-07,0.9917741864894392,8.749169065329396e-06
0.9917958149288846,2.2813077392309515e-07,0.9917953590462864,8.751272017975061e-06
0.9918163059966674,2.2817320896325442e-07,0.9918164785279379,8.753367982733666e-06
0.9918367383928174,2.282156361129263e-07,0.9918375451406611,8.755457118204717e-06
0.9918571121173345,2.2825923357685896e-07,0.9918585590950211,8.757539214313341e-06
0.9918774447717086,2.2830164473987847e-07,0.9918795205858256,8.759614429587286e-06
0.9918977246216131,2.283416924941974e-07,0.9919004298179099,8.761682860998893e-06
0.9919179457998847,2.2838644343877094e-07,0.9919212869918117,8.76374432922862e-06
0.9919381229744316,2.2842765365782812e-07,0.991942092305204,8.765799023268897e-06
0.9919582444109274,2.2847121066403127e-07,0.9919628459643544,8.767846978554997e-06
0.9919783130429535,2.2851122870106202e-07,0.9919835481554763,8.769888230473512e-06
0.9919983347376733,2.2855359310303502e-07,0.9920041990848374,8.771922661069923e-06
0.9920183036279235,2.285947731889718e-07,0.9920247989372188,8.773950397695102e-06
0.9920382285144491,2.2863829835787558e-07,0.9920453479188882,8.775971444989082e-06
0.9920580888621785,2.2868063921946597e-07,0.992065846216059,8.777985899484443e-06
0.9920779081397649,2.2871944479028367e-07,0.992086294024972,8.779993765719078e-06
0.992097680480045,2.2876294623877156e-07,0.992106691533273,8.781994895094972e-06
0.9921173941486923,2.2880173785003286e-07,0.9921270389357704,8.783989537147862e-06
0.9921370696807781,2.2884404847195344e-07,0.9921473364201103,8.785977573858102e-06
0.9921566894748127,2.2888400132209918e-07,0.9921675841739387,8.787959101516334e-06
0.9921762535307961,2.289262967399187e-07,0.9921877823849017,8.789934277503221e-06
0.9921957823837997,2.289662352383736e-07,0.9922079312406453,8.791902830799768e-06
0.9922152466980072,2.2900851546847086e-07,0.9922280309273834,8.793865010509942e-06
0.992234675809235,2.2904843963068986e-07,0.9922480816313295,8.795820820899226e-06
0.9922540550495748,2.2908718289901302e-07,0.9922680835315353,8.797770205078508e-06
0.9922733785518634,2.2913061453082455e-07,0.9922880368170793,8.799713167318554e-06
0.9922926580504272,2.2916934390669573e-07,0.9923079416670131,8.801649895202286e-06
0.9923118847445216,2.292092400554705e-07,0.9923277982603882,8.803580148457852e-06
0.9923310733020545,2.292526485637053e-07,0.9923476067805537,8.805504267301048e-06
0.992350209055118,2.2929018443011684e-07,0.9923673674036961,8.807422072542497e-06
0.9923693008044566,2.2933005955647836e-07,0.9923870803131645,8.809333659890691e-06
0.9923883397493257,2.2937110023973744e-07,0.9924067456851455,8.811238972349026e-06
0.9924073464247968,2.2941213358102368e-07,0.9924263636915288,8.81313813604789e-06
0.9924262856278899,2.2945081543884197e-07,0.9924459345142308,8.815031124452846e-06
0.9924451866944218,2.2949066265478086e-07,0.9924654583222762,8.816918002545567e-06
0.9924640378900658,2.295305029531181e-07,0.9924849352932842,8.81879877424816e-06
0.9924828480155666,2.2956799338852656e-07,0.9925043656020092,8.820673443466693e-06
0.9925016053365979,2.2960782026885645e-07,0.9925237494189082,8.82254201409125e-06
0.9925203245210679,2.2964881131332958e-07,0.9925430869115737,8.824404550948394e-06
0.9925390026353947,2.296862824379124e-07,0.9925623782604897,8.826261149267297e-06
0.9925576220780887,2.297260888108475e-07,0.9925816236246539,8.8281116300142e-06
0.9925762004506398,2.2976471781298683e-07,0.9926008231788207,8.829956240691656e-06
0.9925947377530477,2.2980568087123354e-07,0.9926199770905826,8.831794802273481e-06
0.9926132251845678,2.2984429649665728e-07,0.9926390855246668,8.833627592536237e-06
0.9926316744795265,2.29882905635446e-07,0.9926581486486659,8.835454371566685e-06
0.9926500651028524,2.2992150829086746e-07,0.9926771666316044,8.837275234388105e-06
0.9926684205231984,2.299601044661867e-07,0.9926961396339128,8.839090336784612e-06
0.9926867348734014,2.2999752487499235e-07,0.9927150678203183,8.840899591046132e-06
0.9927050022862982,2.3003844647717584e-07,0.9927339513555485,8.842703000762327e-06
0.9927232286290519,2.3007468524661044e-07,0.9927527904028985,8.844500660729226e-06
0.9927413992337545,2.3011208702249882e-07,0.9927715851242309,8.846292544051258e-06
0.9927595375690589,2.301506512378406e-07,0.9927903356756788,8.848078684632686e-06
0.9927776260334754,2.3019037730839892e-07,0.9928090422191047,8.849859177116294e-06
0.9927956704941672,2.302289284098224e-07,0.9928277049163715,8.851633842615639e-06
0.9928136826854609,2.3026513720150842e-07,0.9928463239193148,8.853402897269509e-06
0.992831642072285,2.3030367578868898e-07,0.9928648993998241,8.85516643555167e-06
0.9928495662561295,2.303422079279732e-07,0.9928834314997084,8.856924217842785e-06
0.9928674376355043,2.3037956627196096e-07,0.9929019203836952,8.858676460077402e-06
0.9928852679447361,2.3041808572030304e-07,0.9929203662021877,8.860423013780723e-06
0.9929030571838249,2.3045543176400102e-07,0.9929387691184811,8.862164094740548e-06
0.9929208053527707,2.3049277175663308e-07,0.9929571292729519,8.863899524139306e-06
0.9929385095179918,2.305312722894823e-07,0.992975446828895,8.865629578306318e-06
0.9929561726130699,2.3056859999993632e-07,0.9929937219410112,8.867354108744783e-06
0.9929738005051683,2.3060592166823006e-07,0.9930119547525417,8.869073148999574e-06
0.9929913755927972,2.3064090524735496e-07,0.9930301454138898,8.870786732579324e-06
0.9930089096102829,2.3067821521730782e-07,0.993048294082621,8.872494862645649e-06
0.9930264142919523,2.3071435349699628e-07,0.9930664009091386,8.87419757265288e-06
0.9930438573684071,2.307539825219012e-07,0.9930844660338191,8.875894986917948e-06
0.993061274042627,2.307889436575838e-07,0.9931024896099305,8.877586926716694e-06
0.993078649646704,2.3082506460148074e-07,0.9931204717864441,8.879273667769548e-06
0.993095984180638,2.308623448091979e-07,0.9931384127080335,8.880955001063623e-06
0.9931132717772657,2.3090078371922657e-07,0.9931563125193722,8.882630990222587e-06
0.9931305271044953,2.30935722630819e-07,0.9931741713679988,8.884301759353861e-06
0.9931477442951635,2.3097182062042315e-07,0.9931919893957223,8.885967220606701e-06
0.9931649028141989,2.3101024131424346e-07,0.993209766752946,8.887627376965054e-06
0.9931820378645811,2.310439996799347e-07,0.9932275035700194,8.889282382670043e-06
0.993199125977657,2.31081244566981e-07,0.9932452000045081,8.89093230109432e-06
0.9932161818213349,2.311184834519907e-07,0.993262856195356,8.892576923371534e-06
0.9932331907277063,2.3115455290095946e-07,0.9932804722743451,8.8942163733876e-06
0.9932501585639348,2.3118945346124244e-07,0.9932980483890139,8.895850714465053e-06
0.9932670853300203,2.312278379933092e-07,0.9933155846768742,8.897479888967397e-06
0.9932839798267077,2.3126156459536617e-07,0.9933330812797347,8.899104020613765e-06
0.9933008361868337,2.3129644900854452e-07,0.9933505383336747,8.900723112164691e-06
0.9933176514768167,2.3133249070905843e-07,0.9933679559848003,8.902337015323059e-06
0.9933344286302384,2.3136852679513472e-07,0.9933853343534342,8.903945974541839e-06
0.9933511588463537,2.3140455726939635e-07,0.9934026735899798,8.905549901905126e-06
0.993367865593816,2.3143825811883824e-07,0.9934199738290839,8.907148739745014e-06
0.9933845224703901,2.3147543956887784e-07,0.993437235201096,8.9087427323033e-06
0.9934011470775663,2.3151145340414498e-07,0.9934544578478249,8.910331701086463e-06
0.9934177159466913,2.3154397721492865e-07,0.9934716418996205,8.911915709135575e-06
0.9934342672143263,2.3158230298504992e-07,0.9934887874882645,8.913494909953342e-06
0.9934507803454,2.3161597797193555e-07,0.9935058947441066,8.915069034597942e-06
0.9934672436055857,2.3165080901382938e-07,0.9935229638032259,8.916638327045505e-06
0.9934836716627917,2.316867955893387e-07,0.9935399948045666,8.918202789846927e-06
0.993500064517018,2.3172045539074164e-07,0.9935569878655864,8.919762335092256e-06
0.9935164221682646,2.3175411030341911e-07,0.9935739431252295,8.921317116086164e-06
0.9935327387493681,2.3179008084088437e-07,0.9935908607152779,8.922867105179204e-06
0.9935490259946552,2.3182488572430966e-07,0.9936077407560542,8.924412304868144e-06
0.9935652721697993,2.31858525478633e-07,0.9936245833793405,8.925952627251836e-06
0.9935814714076371,2.3189332008919836e-07,0.9936413887154861,8.927488255600682e-06
0.9935976501104034,2.31928109479763e-07,0.9936581568977056,8.92901913209826e-06
0.9936137789422818,2.3196057487009457e-07,0.9936748880420246,8.930545319416257e-06
0.9936298784383436,2.319976726102828e-07,0.9936915822802248,8.93206688017607e-06
0.9936459368642625,2.3203012826742086e-07,0.9937082397369262,8.9335836662229e-06
0.993661965954365,2.320660560217503e-07,0.9937248605367489,8.935095740185677e-06
0.993677956907906,2.3210081952107723e-07,0.9937414448071775,8.936603194737008e-06
0.9936939067913041,2.321309436759903e-07,0.9937579926685346,8.93810612247972e-06
0.9937098302724673,2.321656974593174e-07,0.9937745042425755,8.939604375279556e-06
0.9937257126834875,2.3220044604099455e-07,0.9937909796625144,8.941097985565101e-06
0.993741559891528,2.322363474465855e-07,0.9938074190386472,8.942587015809456e-06
0.993757363095844,2.3226761189134862e-07,0.9938238224984588,8.944071498368565e-06
0.993773139897925,2.3230002983408754e-07,0.993840190163704,8.945551465569925e-06
0.9937888873641896,2.3233591585162273e-07,0.9938565221518408,8.9470269797713e-06
0.9938045820259847,2.323706389789335e-07,0.9938728185831919,8.94849792296112e-06
0.9938202620198715,2.3240304255040565e-07,0.9938890795852421,8.949964387539124e-06
0.993835895076452,2.3243659863008304e-07,0.9939053052697194,8.95142637570643e-06
0.9938514899964711,2.324701498660828e-07,0.993921495754082,8.95288388965601e-06
0.9938670526470922,2.3250253956885462e-07,0.9939376511529225,8.954336961606673e-06
0.9938825859618967,2.3253608129063213e-07,0.9939537715965908,8.955785593720557e-06
0.99389808114014,2.3256730544163434e-07,0.9939698571925178,8.957229848200368e-06
0.9939135440489851,2.3260083782398356e-07,0.9939859080595939,8.95866981722167e-06
0.9939289717548506,2.3263320933097003e-07,0.9940019243124117,8.960105232718765e-06
0.9939443701248996,2.3266673221512263e-07,0.994017906066997,8.961536487007863e-06
0.9939597274248055,2.327002502699562e-07,0.994033853435078,8.96296331203672e-06
0.9939750495217319,2.3273145239541477e-07,0.9940497665398421,8.964385769920932e-06
0.9939903422828417,2.3276727190001085e-07,0.994065645487288,8.965803952725803e-06
0.9940055998409717,2.3279615458270535e-07,0.994081490393441,8.967217892470513e-06
0.9940208280632854,2.3283080907251163e-07,0.9940973013700293,8.968627471217354e-06
0.994036015215456,2.3286314861001123e-07,0.9941130785302136,8.970032930873672e-06
0.9940511759653918,2.3289663839696107e-07,0.9941288219828572,8.971434033561373e-06
0.994066301512348,2.329278142150134e-07,0.9941445318454181,8.972830991126039e-06
0.9940813889227427,2.3296129470583838e-07,0.9941602082224623,8.97422368563368e-06
0.9940964499309026,2.3299130760732381e-07,0.9941758512271505,8.975612178994312e-06
0.9941114757360828,2.3302477897555712e-07,0.9941914609697784,8.97699653307368e-06
0.994126469271865,2.33055937652286e-07,0.9942070375577771,8.978376779740033e-06
0.9941414246710857,2.3308824595460414e-07,0.9942225811000099,8.979752831040444e-06
0.9941563566016534,2.3312170340453224e-07,0.9942380917067726,8.981124658958904e-06
0.9941712562628229,2.3315400259364733e-07,0.9942535694883611,8.982492504949173e-06
0.994186117787431,2.3318514400325224e-07,0.9942690145464765,8.983856251088877e-06
0.9942009441090595,2.3321743440623237e-07,0.9942844269856851,8.985215779521729e-06
0.994215744028453,2.3324741434917431e-07,0.99429980692058,8.986571451276995e-06
0.9942305058112854,2.332796961327394e-07,0.9943151544571595,8.987922909038777e-06
0.994245247059046,2.3331082076526624e-07,0.9943304696985575,8.989270394045838e-06
0.9942599589709904,2.3334309377688898e-07,0.994345752745043,8.990613878171651e-06
0.9942746239456284,2.3337305757717646e-07,0.9943610037097764,8.991953243576158e-06
0.9942892654516132,2.334064742010315e-07,0.9943762226858648,8.993288791138567e-06
0.9943038746882,2.3343758193002202e-07,0.994391409787901,8.994620223564797e-06
0.9943184457882255,2.3347098931852843e-07,0.9944065651089918,8.995947751947444e-06
0.9943329963531794,2.3349978495513368e-07,0.9944216887651629,8.997271407905277e-06
0.9943475029144085,2.3353088025456642e-07,0.9944367808480885,8.998591043715744e-06
0.9943619948077296,2.3356312285906879e-07,0.9944518414623349,8.999906750792977e-06
0.9943764456309077,2.3359190713807217e-07,0.9944668707110358,9.001218650369988e-06
0.9943908700518508,2.336252924587541e-07,0.9944818686901628,9.002526564872039e-06
0.994405262203396,2.336552200700607e-07,0.9944968355071468,9.003830675249103e-06
0.9944196162183797,2.3368514384859517e-07,0.994511771259392,9.005130833831024e-06
0.9944339496982919,2.3371621448653833e-07,0.9945266760471675,9.006427281211455e-06
0.9944482479752245,2.337472809944461e-07,0.9945415499707417,9.007719720432891e-06
0.9944625139827589,2.3377834337396506e-07,0.9945563931246543,9.009008511441038e-06
0.9944767565216401,2.338094016267406e-07,0.9945712056077416,9.01029344686912e-06
0.99449096092396,2.3383700549944376e-07,0.9945859875245697,9.011574588052846e-06
0.9945051389240452,2.3386920589969666e-07,0.9946007389668132,9.012852026127206e-06
0.9945192934554772,2.3390025208736667e-07,0.9946154600333085,9.014125643327453e-06
0.9945334127839294,2.3393014452199996e-07,0.9946301508200271,9.015395471103506e-06
0.9945475057101468,2.3396003313735851e-07,0.9946448114186437,9.016661630361907e-06
0.9945615604998029,2.3398991793490593e-07,0.9946594419408863,9.017923973536845e-06
0.9945755888872242,2.3402209729508842e-07,0.9946740424641054,9.019182710956975e-06
0.9945895908724107,2.3405082512803304e-07,0.9946886130957318,9.020437754690068e-06
0.9946035605881991,2.3408184722761408e-07,0.9947031539274399,9.021689165897185e-06
0.994617500968171,2.3411171647536603e-07,0.9947176650466071,9.022936886478455e-06
0.9946314149459082,2.341392847066348e-07,0.9947321465577993,9.024180858361655e-06
0.994645290787084,2.3417144354114233e-07,0.9947465985455289,9.025421381071198e-06
0.9946591431596067,2.3420015305474005e-07,0.994761021110065,9.026658128302249e-06
0.9946729632627312,2.342311553769964e-07,0.9947754143402171,9.027891310131424e-06
0.9946867598972027,2.3425985757266203e-07,0.9947897783276596,9.029120898234369e-06
0.9947005330630209,2.3428970412613954e-07,0.9948041131669316,9.03034695364143e-06
0.994714273959441,2.343206946001419e-07,0.9948184189454106,9.031569448014174e-06
0.9947279884536264,2.3434823824766718e-07,0.9948326957590681,9.032788293479044e-06
0.9947416706784137,2.3437692610516645e-07,0.9948469436952811,9.034003640358587e-06
0.9947553147666397,2.3440790504777267e-07,0.9948611628471569,9.035215490064614e-06
0.9947689412533757,2.3443773275314647e-07,0.9948753533020722,9.036423814242957e-06
0.9947825384042953,2.344652626516946e-07,0.9948895151531342,9.037628584550508e-06
0.9947961062193985,2.3449622992429346e-07,0.9949036484877198,9.038829951174501e-06
0.9948096446986853,2.345237529560695e-07,0.9949177533903417,9.040027736976185e-06
0.9948231655764821,2.345547125064395e-07,0.9949318299555389,9.041222181341613e-06
0.9948366512512993,2.3458337511362512e-07,0.9949458782706886,9.042413077404834e-06
0.9948500987895551,2.3461318051049448e-07,0.9949598984246004,9.043600515780223e-06
0.994863528726321,2.3464183597553767e-07,0.9949738904989219,9.044784587030536e-06
0.9948769381280154,2.3467048794148015e-07,0.9949878545838952,9.045965233018464e-06
0.9948903123267301,2.3470028227559188e-07,0.9950017907640325,9.047142484810886e-06
0.9949036571896284,2.3472892710734177e-07,0.9950156991381703,9.048316373454671e-06
0.9949169756502918,2.3475642285751457e-07,0.995029579776497,9.04948690025861e-06
0.9949302618415571,2.3478506083986146e-07,0.9950434327706869,9.050654036812705e-06
0.994943527497751,2.3481598593783263e-07,0.9950572582038198,9.051817784428368e-06
0.9949567667517101,2.3484232632772988e-07,0.9950710561618408,9.052978233532733e-06
0.9949699854705976,2.348698088024776e-07,0.9950848267335592,9.054135296285273e-06
0.9949831631193421,2.3489957785501128e-07,0.9950985699991903,9.05528906308155e-06
0.9949963172994335,2.3492819838662144e-07,0.9951122860418141,9.056439624267392e-06
0.9950094538780351,2.3495681543191086e-07,0.9951259749488076,9.057586802914687e-06
0.9950225581872385,2.3498657346209197e-07,0.9951396367975213,9.058730659684249e-06
0.9950356331606255,2.3501289473243527e-07,0.9951532716753322,9.05987134425495e-06
0.9950486875989409,2.3504035726319666e-07,0.9951668796653202,9.06100879846402e-06
0.9950617097678583,2.350689606543841e-07,0.9951804608462683,9.062142934497784e-06
0.9950746996673777,2.3509756056551e-07,0.9951940152998239,9.06327378327489e-06
0.9950876748989889,2.3512615699784427e-07,0.9952075431090668,9.064401613049334e-06
0.9951006178612019,2.351513189816498e-07,0.9952210443585096,9.065526039294886e-06
0.9951135344211801,2.351821959187995e-07,0.9952345191197728,9.066647359897319e-06
0.9951264333796684,2.3520963868234863e-07,0.9952479674845308,9.067765398059025e-06
0.9951392971351771,2.3523707824442432e-07,0.9952613895272692,9.068880362576518e-06
0.9951521403556142,2.3526337148828964e-07,0.9952747853224733,9.069992135979286e-06
0.9951649571738166,2.3529194776863537e-07,0.9952881549632501,9.071100808382812e-06
0.9951777475897841,2.3531937773300917e-07,0.9953014985126257,9.072206232705112e-06
0.9951905204042617,2.3534794721299762e-07,0.9953148160594097,9.073308617614548e-06
0.9952032550821781,2.3537537065135835e-07,0.9953281076838172,9.074407875309092e-06
0.9952159692250229,2.354027908950035e-07,0.995341373457469,9.075504066191082e-06
0.9952286510984696,2.3542906563171062e-07,0.9953546134591476,9.076597043224505e-06
0.9952413153704264,2.354587639774116e-07,0.9953678277776626,9.077687074203102e-06
0.9952539591073117,2.3548503246880466e-07,0.9953810164703107,9.078773952831724e-06
0.9952665705747991,2.3551129803025913e-07,0.995394179634496,9.079857739479985e-06
0.9952791468393065,2.3553984423154145e-07,0.9954073173303795,9.080938524100744e-06
0.9952917172366508,2.355672453303116e-07,0.9954204296439063,9.082016218930493e-06
0.9953042494974337,2.3559464324216634e-07,0.9954335166409672,9.083090973110271e-06
0.9953167729574716,2.356208965848895e-07,0.9954465784161017,9.084162669264794e-06
0.9953292465466216,2.356482882589212e-07,0.9954596150237413,9.085231367678776e-06
0.9953417230693532,2.3567567674932435e-07,0.9954726265498307,9.086297069409976e-06
0.9953541555883603,2.3570420304265533e-07,0.9954856130745853,9.087359805107019e-06
0.9953665705058773,2.3572816246129598e-07,0.9954985746581662,9.08841951662861e-06
0.9953789619547413,2.3575668240391494e-07,0.9955115113836533,9.08947629379483e-06
0.9953913240677889,2.3578291770432391e-07,0.9955244233226676,9.090530108045021e-06
0.9954036627121832,2.3581029055801698e-07,0.9955373105554238,9.091581019570687e-06
0.995415989622251,2.3583651989486265e-07,0.9955501731420835,9.09262897022392e-06
0.9954282783957574,2.3586502673529455e-07,0.9955630111657265,9.093673931454561e-06
0.995440549567774,2.3589124998588815e-07,0.9955758246979737,9.094716140856263e-06
0.9954527855368108,2.3591519040814357e-07,0.9955886138075807,9.095755333271744e-06
0.9954650097715211,2.3594482756538816e-07,0.9956013785747626,9.096791627989586e-06
0.9954772017368333,2.359687625518823e-07,0.995614119056816,9.097824996439683e-06
0.9954893672999107,2.3599497427557685e-07,0.995626835333956,9.098855646517703e-06
0.9955015181950798,2.3602346197793863e-07,0.995639527483533,9.099883401825626e-06
0.9955136397544325,2.3604966762763088e-07,0.995652195568573,9.100908263344163e-06
0.9955257437122954,2.3607587036835968e-07,0.9956648396635616,9.10193017295689e-06
0.9955378300686684,2.3610207020109358e-07,0.9956774598343897,9.102949427094535e-06
0.9955498841556433,2.361282671268006e-07,0.995690056152678,9.10396581986649e-06
0.9955619118403835,2.3615332233644396e-07,0.9957026286929119,9.104979411305141e-06
0.995573918990052,2.3618065226100298e-07,0.995715177512388,9.10599020234594e-06
0.9955859026710675,2.3620570191396212e-07,0.995727702699916,9.10699816439082e-06
0.9955978599498482,2.3623188734743474e-07,0.995740204315657,9.108003357433541e-06
0.9956098025607206,2.362569315680829e-07,0.9957526824169077,9.109005752866782e-06
0.9956217217029398,2.362831113241684e-07,0.9957651370896128,9.110005440176349e-06
0.9956336115093427,2.3630928817990404e-07,0.9957775683939336,9.111002361218585e-06
0.995645480780674,2.3633546213625347e-07,0.9957899763928963,9.111996516901439e-06
0.9956573236497707,2.3636277100052982e-07,0.995802361169581,9.112987967152177e-06
0.9956691547845405,2.3638780135464608e-07,0.9958147227698246,9.113976712853717e-06
0.9956809507163309,2.364139666186141e-07,0.9958270612853019,9.114962754886186e-06
0.9956927349137945,2.3643785411340764e-07,0.995839376758985,9.115946005622316e-06
0.9957044839082785,2.3646173919507338e-07,0.995851669273954,9.116926613457043e-06
0.9957162241020174,2.3649017067074938e-07,0.9958639388903701,9.117904549747875e-06
0.99572793495994,2.365129133904895e-07,0.995876185679854,9.11887981535433e-06
0.9957396194156278,2.365379278565953e-07,0.9958884097025672,9.119852411133202e-06
0.9957512833362441,2.3656635017561807e-07,0.9959006110244005,9.120822396910113e-06
0.9957629237882072,2.3659022228490132e-07,0.9959127897083802,9.12178968506977e-06
0.9957745495722621,2.3661522857807297e-07,0.9959249458289916,9.122754305949777e-06
0.9957861489540822,2.3664250515692682e-07,0.9959370794406666,9.123716348825384e-06
0.9957977219336676,2.3666750592588932e-07,0.9959491906150257,9.124675843985317e-06
0.9958092773117629,2.3669136783285258e-07,0.9959612794122303,9.125632556471431e-06
0.9958208092212053,2.367174995424932e-07,0.9959733459039011,9.126586781830231e-06
0.995832320595576,2.367424923918074e-07,0.9959853901416048,9.127538373521419e-06
0.9958438085012937,2.3676634674144645e-07,0.995997412199827,9.128487391290638e-06
0.9958552817391031,2.3679133443503706e-07,0.9960094121415938,9.129433865398525e-06
0.995866725641096,2.3681745511382628e-07,0.9960213900184721,9.130377737726315e-06
0.9958781490080175,2.36841301913317e-07,0.9960333459049475,9.131319097436426e-06
0.9958895489062858,2.368662816996748e-07,0.9960452798611811,9.132257827510501e-06
0.9959009282694826,2.3689239411448664e-07,0.9960571919501993,9.13319416432596e-06
0.9959122988319346,2.3691623337099365e-07,0.9960690822292984,9.134127873076305e-06
0.9959236371249883,2.3694120525762047e-07,0.9960809507643694,9.135059042886824e-06
0.995934951949389,2.369650396036084e-07,0.9960927976127091,9.135987821717944e-06
0.9959462433051365,2.3698887155253843e-07,0.9961046228459378,9.136913945394294e-06
0.9959575287937207,2.3701610513135593e-07,0.9961164265127578,9.137837679600912e-06
0.9959687702785802,2.3703993194616772e-07,0.9961282086847896,9.138758877922912e-06
0.995980008829858,2.3706489080266304e-07,0.9961399694193298,9.139677629401882e-06
0.9959912180453195,2.3708871271463855e-07,0.9961517087736749,9.140593875931675e-06
0.9960024155264544,2.3711253223330536e-07,0.9961634268079861,9.141507706522626e-06
0.9960135778046096,2.371374834485788e-07,0.9961751235852897,9.14241903365086e-06
0.9960247342156014,2.3716356600327239e-07,0.9961867991657471,9.143327975717694e-06
0.9960358612907769,2.3718624415417845e-07,0.9961984536123843,9.144234504024088e-06
0.9960469707644625,2.3721005387919672e-07,0.996210086982498,9.145138472251028e-06
0.9960580509023316,2.372361284552481e-07,0.9962216993247902,9.146040116393328e-06
0.9960691281066191,2.3725879967034307e-07,0.9962332907051518,9.146939407736692e-06
0.9960801583736003,2.3728486888985475e-07,0.9962448611923386,9.147836229380243e-06
0.996091191574163,2.373075354485242e-07,0.996256410832188,9.148730640841904e-06
0.9961021954389094,2.3733133300527015e-07,0.9962679396877259,9.149622672221442e-06
0.9961131875693293,2.373551281760398e-07,0.996279447816249,9.150512441775293e-06
0.9961241532975142,2.3737892096155072e-07,0.9962909352750539,9.151399656290759e-06
0.9961350867563012,2.3740497699065558e-07,0.9963024021243017,9.152284610354916e-06
0.9961460202150881,2.3742763208293748e-07,0.9963138484184242,9.153167187097132e-06
0.9961569243380587,2.3745028501370078e-07,0.9963252742175828,9.15404750472e-06
0.9961678020587943,2.374752007417247e-07,0.9963366795762091,9.154925387619662e-06
0.9961786651116218,2.3749671676692838e-07,0.9963480645458701,9.155800983362044e-06
0.9961895046957961,2.3752275987394168e-07,0.9963594291981863,9.156674321973587e-06
0.9962003296120623,2.37547668000275e-07,0.9963707735761301,9.157545227894927e-06
0.9962111398604201,2.3757030948530982e-07,0.996382097739863,9.158413848643756e-06
0.9962219237065433,2.3759294881271813e-07,0.9963934017466812,9.159280302318052e-06
0.9962326840840131,2.3761558598311666e-07,0.9964046856538816,9.160144354659249e-06
0.9962434268599932,2.376416160632718e-07,0.996415949510166,9.161006094416102e-06
0.9962541549680651,2.3766311702262854e-07,0.9964271933756959,9.161865580948505e-06
0.9962648596074838,2.376868789780317e-07,0.9964384173077675,9.16272281489053e-06
0.9962755407782493,2.3770837584331282e-07,0.9964496213550832,9.163577884918924e-06
0.9962862160818516,2.3773665823088142e-07,0.9964608055778041,9.164430556875721e-06
0.9962968561824741,2.3775701946673672e-07,0.9964719700303621,9.165281095514838e-06
0.9963074933495151,2.3778077203826235e-07,0.9964831147643239,9.16612935473004e-06
0.9963181011807395,2.3780452223731565e-07,0.9964942398341213,9.166975305816789e-06
0.9963286826097292,2.3782827006460736e-07,0.9965053452941859,9.167819272094756e-06
0.9963392493708106,2.3785088483859132e-07,0.9965164311932198,9.168660843465187e-06
0.9963498043975655,2.3787349746257534e-07,0.9965274975971139,9.169500196562895e-06
0.9963603330220855,2.3789836886643957e-07,0.9965385445488406,9.170337419976657e-06
0.9963708557794423,2.3791984662289254e-07,0.9965495721028318,9.171172455641955e-06
